chunk_token_length,overlap_percentage,retriever,embedder,mmr_fetch_k,mmr_lambda_mult,gen_model,1 - accuracy,number of documents,1 - rouge1_gold,rouge1_gold,1 - rouge2_gold,rouge2_gold,1 - rougeL_gold,rougeL_gold,1 - bert_f1_gold,bert_f1_gold,1 - bert_precision_gold,bert_precision_gold,1 - bert_recall_gold,bert_recall_gold,1 - emb_sim_gold,emb_sim_gold,1 - rouge1_query,rouge1_query,1 - rouge2_query,rouge2_query,1 - rougeL_query,rougeL_query,1 - bert_f1_query,bert_f1_query,1 - emb_sim_query,emb_sim_query,1 - rouge1_context,rouge1_context,1 - rouge2_context,rouge2_context,1 - rougeL_context,rougeL_context,1 - bert_f1_context,bert_f1_context,1 - emb_sim_context,emb_sim_context,status,error
207,0.4445359338075,ensemble,granite-embedding-107m,,,google/gemma-3-4b-it,0.45999999999999996,5.0,0.665730805092161,0.334269194907839,0.8469417187409919,0.15305828125900814,0.7650982898057671,0.2349017101942329,0.290077269077301,0.709922730922699,0.274161159992218,0.725838840007782,0.300251841545105,0.699748158454895,0.17861323220543923,0.8213867677945608,0.8303120478655679,0.16968795213443216,0.9135431003963738,0.08645689960362621,0.8620777205657247,0.13792227943427526,0.3219332695007324,0.6780667304992676,0.2017751909278922,0.7982248090721078,0.8526351665850336,0.14736483341496642,0.9076517854755388,0.09234821452446118,0.8888739672771608,0.11112603272283918,0.31667935848236084,0.6833206415176392,0.1802676263358266,0.8197323736641734,,
409,0.1997565228492,bm25_only,qwen3-embedding-0.6b,,,qwen/qwen3-8b,0.37,13.0,0.7218120803538444,0.2781879196461557,0.9041857137664602,0.09581428623353981,0.8201449086220033,0.17985509137799668,0.30167412757873535,0.6983258724212646,0.29557299613952637,0.7044270038604736,0.3020375370979309,0.6979624629020691,0.2985145895507152,0.7014854104492848,0.8276880602009589,0.17231193979904114,0.8993127199823039,0.10068728001769614,0.8584195946881178,0.1415804053118822,0.32412153482437134,0.6758784651756287,0.2965515547159068,0.7034484452840932,0.9589127242736449,0.04108727572635511,0.9832399817229193,0.01676001827708074,0.9725691030577645,0.02743089694223559,0.3502984046936035,0.6497015953063965,,,,
360,0.2316434327513,mmr,bert-base-italian-xxl-cased,72,0.4606362544,google/gemma-3-12b-it,0.83,9.0,0.7658720714291811,0.23412792857081888,0.9160878276076295,0.08391217239237043,0.8384804970820439,0.1615195029179562,0.3110191822052002,0.6889808177947998,0.2765349745750427,0.7234650254249573,0.3373880982398987,0.6626119017601013,0.23469456316470427,0.7653054368352957,0.7776408522277393,0.22235914777226073,0.8768310449983245,0.1231689550016755,0.8091427655121365,0.19085723448786354,0.2989286780357361,0.7010713219642639,0.2799064605174366,0.7200935394825634,0.9262446189041516,0.07375538109584844,0.9558922139976899,0.04410778600231016,0.9440005227468836,0.05599947725311637,0.348990261554718,0.651009738445282,0.2132112904461928,0.7867887095538072,,
162,0.3860880468041,base,granite-embedding-278m,,,qwen/qwen3-14b,0.76,18.0,0.8052598596549636,0.1947401403450364,0.9266595113024405,0.07334048869755948,0.8642214792821116,0.1357785207178884,0.33192765712738037,0.6680723428726196,0.28145766258239746,0.7185423374176025,0.36768192052841187,0.6323180794715881,0.2823052924677677,0.7176947075322323,0.8349357363021194,0.16506426369788066,0.9065882812933449,0.0934117187066551,0.8600661414317415,0.13993385856825846,0.323466956615448,0.676533043384552,0.2907429321553805,0.7092570678446195,0.9693913657197557,0.030608634280244316,0.9885622996398298,0.011437700360170206,0.9787874684600472,0.021212531539952787,0.3874477744102478,0.6125522255897522,0.30297855018498576,0.6970214498150142,,
114,0.3248473409563,ensemble,nomic-embed-text-v2-moe,,,qwen/qwen3-14b,0.21999999999999997,15.0,0.6945244277827489,0.3054755722172511,0.8871295964677032,0.11287040353229678,0.7907660562914374,0.20923394370856263,0.2882368564605713,0.7117631435394287,0.284091055393219,0.715908944606781,0.2901773452758789,0.7098226547241211,0.2543276199959542,0.7456723800040458,0.7855373336452918,0.2144626663547082,0.8922072809871243,0.10779271901287565,0.8325778027014253,0.16742219729857466,0.3149604797363281,0.6850395202636719,0.2758679786571787,0.7241320213428213,0.9144193728470614,0.08558062715293854,0.9643107778709983,0.035689222129001726,0.9435554963210392,0.05644450367896078,0.31787240505218506,0.6821275949478149,0.2952713151003621,0.7047286848996379,,
444,0.4314115841076,bm25_only,granite-embedding-278m,,,google/gemma-3-4b-it,0.45999999999999996,7.0,0.6877812353398862,0.31221876466011383,0.8958876004626498,0.10411239953735019,0.7932082641176772,0.2067917358823228,0.29044389724731445,0.7095561027526855,0.286662220954895,0.713337779045105,0.29187124967575073,0.7081287503242493,0.14623802484843929,0.8537619751515607,0.8107872257202592,0.1892127742797408,0.9060404032158336,0.09395959678416639,0.855850500917348,0.1441494990826519,0.31855422258377075,0.6814457774162292,0.15102303695737662,0.8489769630426234,0.9448413026785591,0.05515869732144086,0.9744549477616077,0.025545052238392284,0.9610820630246856,0.03891793697531442,0.33188432455062866,0.6681156754493713,0.2307327953529047,0.7692672046470953,,
394,0.494682446198,bm25_only,qwen3-embedding-4b,,,google/gemma-3-4b-it,0.41000000000000003,7.0,0.7025656427495421,0.2974343572504579,0.8844431544873466,0.11555684551265344,0.7986611247999027,0.2013388752000973,0.2996752858161926,0.7003247141838074,0.28536075353622437,0.7146392464637756,0.3084876537322998,0.6915123462677002,0.31143021862498677,0.6885697813750132,0.8293170404489006,0.17068295955109938,0.9213319531794041,0.07866804682059593,0.8716636024041814,0.12833639759581864,0.3240281939506531,0.6759718060493469,0.3374954252571747,0.6625045747428253,0.932244032132592,0.06775596786740805,0.9624294854714531,0.03757051452854683,0.9494182438804557,0.05058175611954434,0.347952663898468,0.652047336101532,,,,
409,0.4317741938132,bm25_only,granite-embedding-107m,,,google/gemma-3-4b-it,0.52,4.0,0.7241624072778995,0.2758375927221005,0.889454349941782,0.11054565005821801,0.8113226373235514,0.18867736267644866,0.30866897106170654,0.6913310289382935,0.2857281565666199,0.7142718434333801,0.32393544912338257,0.6760645508766174,0.20391718344097076,0.7960828165590292,0.8448061792891044,0.15519382071089566,0.923642150330055,0.07635784966994497,0.8785891088373275,0.12141089116267242,0.32639431953430176,0.6736056804656982,0.23256889881826437,0.7674311011817356,0.912715097707566,0.08728490229243406,0.948844565843062,0.05115543415693798,0.934455650047155,0.06554434995284494,0.3486905097961426,0.6513094902038574,0.2430038090296749,0.7569961909703251,,
418,0.4623918399106,bm25_only,qwen3-embedding-0.6b,,,google/gemma-3-4b-it,0.44999999999999996,6.0,0.7002578777794111,0.29974212222058894,0.8841631715514966,0.11583682844850338,0.7960104344755281,0.2039895655244719,0.3008273243904114,0.6991726756095886,0.2822396159172058,0.7177603840827942,0.3132321834564209,0.6867678165435791,0.3374034158617685,0.6625965841382315,0.829379796774846,0.170620203225154,0.9171069955464838,0.08289300445351619,0.8661729020282241,0.1338270979717759,0.32054442167282104,0.679455578327179,0.36569601388654194,0.6343039861134581,0.9280470715548446,0.07195292844515544,0.961349363929885,0.03865063607011497,0.9473258460997468,0.052674153900253255,0.34529799222946167,0.6547020077705383,0.3847618415497137,0.6152381584502863,,
437,0.4457343412978,bm25_only,granite-embedding-107m,,,google/gemma-3-4b-it,0.63,2.0,0.7497947489550479,0.25020525104495206,0.8903475198346861,0.10965248016531397,0.8218653647415359,0.17813463525846412,0.32255953550338745,0.6774404644966125,0.2812685966491699,0.7187314033508301,0.3511354923248291,0.6488645076751709,0.25651435604704953,0.7434856439529505,0.8716475986253334,0.1283524013746666,0.9423436179667535,0.0576563820332465,0.8983944595156573,0.10160554048434271,0.336631715297699,0.663368284702301,0.2949325523927374,0.7050674476072626,0.8795913786632298,0.12040862133677024,0.9228068097569215,0.07719319024307851,0.9051347557985863,0.09486524420141368,0.35618436336517334,0.6438156366348267,0.26605288786590775,0.7339471121340922,,
437,0.4472013921921,bm25_only,qwen3-embedding-0.6b,,,google/gemma-3-4b-it,0.71,1.0,0.8071810792747053,0.19281892072529475,0.9297111753772583,0.0702888246227417,0.8665343826496825,0.1334656173503175,0.3434494733810425,0.6565505266189575,0.2859857678413391,0.7140142321586609,0.38432973623275757,0.6156702637672424,0.5070201829366945,0.4929798170633055,0.8878676467269694,0.1121323532730306,0.9513094750846262,0.048690524915373866,0.9112015872898993,0.08879841271010072,0.3411036729812622,0.6588963270187378,0.5282768173754097,0.47172318262459034,0.8145111570086763,0.1854888429913237,0.8891132479404029,0.11088675205959704,0.8633783662083057,0.13662163379169434,0.37287473678588867,0.6271252632141113,0.4900144205659852,0.5099855794340148,,
437,0.4479299679154,bm25_only,qwen3-embedding-0.6b,,,google/gemma-3-4b-it,0.52,3.0,0.7198773529552542,0.2801226470447458,0.876560909125618,0.12343909087438201,0.80629435358674,0.1937056464132601,0.30962467193603516,0.6903753280639648,0.2781245708465576,0.7218754291534424,0.33105629682540894,0.6689437031745911,0.38349547419250396,0.616504525807496,0.8390330061114297,0.16096699388857033,0.9213920252763621,0.07860797472363784,0.8737905325227364,0.12620946747726358,0.3232976794242859,0.6767023205757141,0.4214282571747898,0.5785717428252102,0.8877534517938823,0.11224654820611764,0.9324309759623604,0.06756902403763969,0.9152800856711898,0.08471991432881022,0.35260170698165894,0.6473982930183411,0.4005816880383165,0.5994183119616835,,
404,0.422534498778,bm25_only,qwen3-embedding-4b,,,google/gemma-3-4b-it,0.52,4.0,0.7273408910475716,0.27265910895242834,0.8867165101183361,0.11328348988166395,0.8080419594383302,0.19195804056166973,0.3104590177536011,0.6895409822463989,0.27968066930770874,0.7203193306922913,0.331993043422699,0.668006956577301,0.38611352343399985,0.6138864765660001,0.8459416898921086,0.15405831010789137,0.9266714168735691,0.07332858312643091,0.8804350937211874,0.11956490627881257,0.3283640146255493,0.6716359853744507,0.4073362504079263,0.5926637495920737,0.900344037621608,0.09965596237839205,0.9376969086054241,0.06230309139457596,0.9214612845547167,0.07853871544528335,0.35774725675582886,0.6422527432441711,,,,
369,0.4977130891516,mmr,qwen3-embedding-0.6b,69,0.8489198250661,google/gemma-3-4b-it,0.45999999999999996,7.0,0.6675447889485999,0.33245521105140013,0.8644523856718793,0.13554761432812062,0.7726147346142935,0.22738526538570653,0.2835407257080078,0.7164592742919922,0.2790074348449707,0.7209925651550293,0.2856164574623108,0.7143835425376892,0.26720191721248565,0.7327980827875143,0.8103918473480003,0.18960815265199968,0.9056077629552893,0.09439223704471068,0.8518549998284048,0.14814500017159518,0.3178865313529968,0.6821134686470032,0.29102127170040515,0.7089787282995949,0.9018977027869679,0.09810229721303204,0.9460114359387485,0.05398856406125148,0.9287631481411143,0.07123685185888574,0.2993714213371277,0.7006285786628723,0.25287777021765123,0.7471222297823488,,
218,0.4923760015809,mmr,granite-embedding-278m,57,0.4656923386395,google/gemma-3-4b-it,0.4,7.0,0.6797834743619142,0.32021652563808584,0.8772150878208982,0.12278491217910187,0.7859080446430676,0.21409195535693235,0.28851479291915894,0.7114852070808411,0.28358936309814453,0.7164106369018555,0.29104191064834595,0.708958089351654,0.1488064416559085,0.8511935583440915,0.815207219562313,0.18479278043768702,0.9078604435881182,0.09213955641188179,0.8557665584623437,0.14423344153765627,0.31850630044937134,0.6814936995506287,0.14855196912314073,0.8514480308768593,0.8806911247917346,0.11930887520826536,0.9340859403979989,0.0659140596020011,0.9172428951981072,0.08275710480189277,0.3077199459075928,0.6922800540924072,0.14837763324573738,0.8516223667542626,,
104,0.4785694231977,mmr,granite-embedding-107m,43,0.1111382964922,google/gemma-3-12b-it,0.54,7.0,0.6911590797432223,0.30884092025677773,0.8672738092050682,0.13272619079493178,0.7773751230946588,0.22262487690534113,0.2890062928199768,0.7109937071800232,0.268626868724823,0.731373131275177,0.30408239364624023,0.6959176063537598,0.17106516191536325,0.8289348380846367,0.7964619499903165,0.20353805000968347,0.8960663212432507,0.10393367875674929,0.8355569152458107,0.1644430847541894,0.3087354898452759,0.6912645101547241,0.18116562079190313,0.8188343792080969,0.8219571340109315,0.17804286598906846,0.871332254080233,0.12866774591976704,0.8581609745822498,0.1418390254177502,0.30595266819000244,0.6940473318099976,0.17700788320841865,0.8229921167915814,,
207,0.4815555630979,mmr,qwen3-embedding-0.6b,44,0.3797697659884,google/gemma-3-12b-it,0.32999999999999996,7.0,0.6426924886573406,0.35730751134265937,0.8310006479239103,0.1689993520760897,0.7428547173418729,0.25714528265812714,0.27474451065063477,0.7252554893493652,0.2698458433151245,0.7301541566848755,0.2777875065803528,0.7222124934196472,0.24576050205465816,0.7542394979453418,0.7996769195328219,0.2003230804671781,0.8990942409769989,0.10090575902300113,0.8428489142074769,0.15715108579252315,0.31403595209121704,0.685964047908783,0.27436831466606226,0.7256316853339377,0.8329658150576058,0.16703418494239422,0.8851600306711,0.11483996932889994,0.8707784875594347,0.12922151244056537,0.2903898358345032,0.7096101641654968,0.21866638603028254,0.7813336139697175,,
362,0.4726868445918,mmr,qwen3-embedding-4b,47,0.5126564256812,google/gemma-3-4b-it,0.31000000000000005,8.0,0.6482477525123941,0.3517522474876059,0.8561788384643184,0.1438211615356816,0.7666656843611818,0.23333431563881823,0.2799345850944519,0.7200654149055481,0.2792438268661499,0.7207561731338501,0.2793261408805847,0.7206738591194153,0.22968382045409008,0.7703161795459099,0.8106847606433396,0.18931523935666036,0.9076215804569951,0.09237841954300481,0.8519701546521916,0.14802984534780836,0.31961119174957275,0.6803888082504272,0.2454185311771836,0.7545814688228164,0.9105579351162993,0.08944206488370071,0.9507728813951496,0.049227118604850455,0.9360954718074621,0.06390452819253793,0.2992338538169861,0.7007661461830139,,,,
235,0.4812462537642,mmr,granite-embedding-278m,48,0.518374404945,google/gemma-3-12b-it,0.47,7.0,0.6641085413089525,0.33589145869104753,0.8541536927643183,0.1458463072356817,0.7601280367619381,0.23987196323806198,0.27918583154678345,0.7208141684532166,0.27238357067108154,0.7276164293289185,0.2843618392944336,0.7156381607055664,0.13643070586870376,0.8635692941312962,0.7992425770569256,0.2007574229430744,0.8976430540448593,0.10235694595514065,0.839388264046447,0.16061173595355308,0.311693012714386,0.688306987285614,0.1459302384094302,0.8540697615905698,0.8944956923377442,0.1055043076622558,0.9325206126311287,0.06747938736887124,0.9183247099656747,0.08167529003432525,0.29796385765075684,0.7020361423492432,0.14347826896765337,0.8565217310323466,,
266,0.1022817033227,ensemble,granite-embedding-278m,,,qwen/qwen3-8b,0.56,5.0,0.7297917773622489,0.2702082226377512,0.9052202225864872,0.0947797774135128,0.819107114719244,0.18089288528075595,0.3033006191253662,0.6966993808746338,0.2875218391418457,0.7124781608581543,0.31269967555999756,0.6873003244400024,0.18257622772941062,0.8174237722705894,0.8184997963228193,0.18150020367718064,0.8916745696565537,0.10832543034344636,0.8483418783146779,0.15165812168532208,0.31676626205444336,0.6832337379455566,0.18970337837892814,0.8102966216210719,0.8901182931092319,0.10988170689076818,0.961935035165839,0.03806496483416099,0.933489899296506,0.0665101007034939,0.34628766775131226,0.6537123322486877,0.23869909602968775,0.7613009039703122,,
182,0.4296068803331,mmr,granite-embedding-107m,95,0.3989048824773,qwen/qwen3-14b,0.33999999999999997,15.0,0.6981186922927822,0.30188130770721777,0.8874160343297922,0.11258396567020776,0.7910145141472259,0.2089854858527741,0.29053282737731934,0.7094671726226807,0.2826501727104187,0.7173498272895813,0.295157790184021,0.704842209815979,0.14164766554335795,0.858352334456642,0.7893007567652366,0.21069924323476344,0.8909223150426123,0.10907768495738765,0.8313735456920374,0.1686264543079626,0.3162664771080017,0.6837335228919983,0.14927038671585324,0.8507296132841468,0.9449661073423419,0.05503389265765815,0.977458323415929,0.022541676584071073,0.9629861218123414,0.037013878187658604,0.3235631585121155,0.6764368414878845,0.14467972250914019,0.8553202774908598,,
445,0.2599469167581,ensemble,qwen3-embedding-4b,,,google/gemma-3-12b-it,0.31999999999999995,5.0,0.6359459969796114,0.3640540030203886,0.8349009890060095,0.16509901099399044,0.7381356485500006,0.2618643514499995,0.27604544162750244,0.7239545583724976,0.27093183994293213,0.7290681600570679,0.27851730585098267,0.7214826941490173,0.2299905944372752,0.7700094055627248,0.8051131046653407,0.1948868953346593,0.9064850060834388,0.09351499391656114,0.851351427182655,0.148648572817345,0.3168569803237915,0.6831430196762085,0.26459420772038034,0.7354057922796197,0.8989122946248791,0.10108770537512086,0.9380284594148227,0.061971540585177315,0.9219436417058162,0.07805635829418377,0.3012571930885315,0.6987428069114685,,,,
172,0.4611562063775,base,nomic-embed-text-v2-moe,,,google/gemma-3-27b-it,0.38,6.0,0.627352605300876,0.37264739469912395,0.8264574791877577,0.1735425208122423,0.7357924647255634,0.2642075352744367,0.27101826667785645,0.7289817333221436,0.26822996139526367,0.7317700386047363,0.27188652753829956,0.7281134724617004,0.2532880062866212,0.7467119937133788,0.812682503748337,0.18731749625166302,0.9234723604205737,0.07652763957942628,0.859556998326229,0.14044300167377105,0.3200879693031311,0.6799120306968689,0.30923429628912646,0.6907657037108735,0.8361592547397525,0.16384074526024744,0.896690201203691,0.10330979879630893,0.8729694247918015,0.12703057520819852,0.28836435079574585,0.7116356492042542,0.23297762648320197,0.767022373516798,,
183,0.4943760534874,base,nomic-embed-text-v2-moe,,,qwen/qwen3-14b,0.38,5.0,,,,,,,,,,,,,,,,,,,,,,,,,,,,,,,,,,,,
120,0.470707798366,ensemble,bert-base-italian-xxl-cased,,,qwen/qwen3-32b,0.62,5.0,0.8134011261422023,0.18659887385779772,0.9412965466327926,0.058703453367207364,0.8757633596339274,0.1242366403660726,0.3409973382949829,0.6590026617050171,0.2971402406692505,0.7028597593307495,0.3702983856201172,0.6297016143798828,0.3332834614249788,0.6667165385750212,0.8819161827815615,0.11808381721843855,0.9392192872050865,0.060780712794913434,0.9030723864876429,0.09692761351235715,0.3427656292915344,0.6572343707084656,0.41835394642432455,0.5816460535756754,0.8678353774989341,0.13216462250106584,0.9528327713440526,0.047167228655947406,0.923265963710187,0.076734036289813,0.3809986710548401,0.6190013289451599,0.31931146464643945,0.6806885353535606,,
119,0.4394531480765,ensemble,bert-base-italian-xxl-cased,,,google/gemma-3-27b-it,0.51,8.0,0.6927570184872989,0.3072429815127012,0.8727844433713823,0.12721555662861772,0.7869992729782025,0.21300072702179748,0.2958343029022217,0.7041656970977783,0.2728695273399353,0.7271304726600647,0.31285297870635986,0.6871470212936401,0.20435676761628385,0.7956432323837161,0.8121848167155878,0.18781518328441216,0.9077704876433712,0.0922295123566288,0.855250719069768,0.14474928093023195,0.3129897117614746,0.6870102882385254,0.29164956775611484,0.7083504322438852,0.868763043904702,0.13123695609529792,0.9198939422442158,0.0801060577557842,0.9012957820138612,0.09870421798613879,0.3331931233406067,0.6668068766593933,0.19036335335123478,0.8096366466487652,,
216,0.4462645812294,base,bert-base-italian-xxl-cased,,,google/gemma-3-27b-it,0.77,7.0,0.7608624234468296,0.23913757655317033,0.913224181754452,0.086775818245548,0.8403310966078841,0.15966890339211598,0.31971192359924316,0.6802880764007568,0.2847660183906555,0.7152339816093445,0.3450958728790283,0.6549041271209717,0.2664883321517737,0.7335116678482263,0.828593597317121,0.17140640268287893,0.9052784094526919,0.09472159054730814,0.8587851895965322,0.14121481040346778,0.3149055242538452,0.6850944757461548,0.330951223263641,0.669048776736359,0.9078521360464082,0.09214786395359177,0.950376033261806,0.04962396673819401,0.932845320012909,0.06715467998709106,0.35710257291793823,0.6428974270820618,0.2545106858954834,0.7454893141045166,,
159,0.4503801282621,base,bert-base-italian-xxl-cased,,,google/gemma-3-4b-it,0.78,8.0,0.8159298088408126,0.18407019115918746,0.9391105460570939,0.060889453942906076,0.8771326168082285,0.12286738319177146,0.3397257924079895,0.6602742075920105,0.28712230920791626,0.7128776907920837,0.378193199634552,0.621806800365448,0.33896637412204433,0.6610336258779557,0.8712761275754092,0.12872387242459082,0.9376820798910109,0.06231792010898906,0.8954400135926474,0.10455998640735263,0.3325520157814026,0.6674479842185974,0.3958045271735334,0.6041954728264666,0.9156728927470228,0.08432710725297721,0.9514320819439183,0.04856791805608178,0.9380179128904758,0.06198208710952427,0.3792409300804138,0.6207590699195862,0.3243151361678305,0.6756848638321695,,
211,0.1390356071995,bm25_only,granite-embedding-107m,,,qwen/qwen3-32b,0.38,20.0,0.7267561498498172,0.2732438501501828,0.9112727221465173,0.0887272778534827,0.8253740655303394,0.17462593446966063,0.30745643377304077,0.6925435662269592,0.30231112241744995,0.69768887758255,0.30550432205200195,0.694495677947998,0.1818424484161355,0.8181575515838645,0.8527428355627759,0.14725716443722417,0.9199289188797449,0.08007108112025507,0.8822314916458863,0.11776850835411372,0.33548080921173096,0.664519190788269,0.19631126059894555,0.8036887394010545,0.95546252096487,0.04453747903512992,0.9816786006841401,0.01832139931585982,0.9713355075294721,0.02866449247052792,0.35027313232421875,0.6497268676757812,0.23223465308482616,0.7677653469151738,,
489,0.1453188424318,ensemble,granite-embedding-278m,,,google/gemma-3-12b-it,0.36,7.0,0.6373628612755854,0.3626371387244146,0.8450951844317949,0.1549048155682051,0.7453438233551508,0.2546561766448492,0.2758163809776306,0.7241836190223694,0.27187424898147583,0.7281257510185242,0.27729642391204834,0.7227035760879517,0.14145576561704054,0.8585442343829595,0.8219628083797301,0.17803719162026987,0.9218122187079532,0.0781877812920468,0.8675414975130625,0.1324585024869375,0.3220946788787842,0.6779053211212158,0.16198254402182,0.83801745597818,0.9423737169736229,0.05762628302637711,0.9637993708221261,0.036200629177873915,0.955887360829368,0.044112639170632066,0.3179283142089844,0.6820716857910156,0.17444516483176864,0.8255548351682314,,
328,0.2569271457042,base,qwen3-embedding-0.6b,,,google/gemma-3-12b-it,0.33999999999999997,9.0,0.6365507650656226,0.36344923493437736,0.8432241144652711,0.15677588553472885,0.7443340654646281,0.2556659345353719,0.2745739817619324,0.7254260182380676,0.2710355520248413,0.7289644479751587,0.27612459659576416,0.7238754034042358,0.24430356700281264,0.7556964329971874,0.8065337803291355,0.1934662196708645,0.9090190334089904,0.09098096659100965,0.8534295302396602,0.1465704697603398,0.3162305951118469,0.6837694048881531,0.2697808038008297,0.7302191961991703,0.9143151464067657,0.08568485359323429,0.9483083585849684,0.05169164141503156,0.9342902874729399,0.06570971252706012,0.29367369413375854,0.7063263058662415,,,,
461,0.1304851966806,ensemble,granite-embedding-278m,,,qwen/qwen3-8b,0.37,7.0,0.708038390655455,0.2919616093445449,0.9029748174204634,0.09702518257953663,0.813124267039745,0.18687573296025492,0.2975160479545593,0.7024839520454407,0.29995089769363403,0.700049102306366,0.29058003425598145,0.7094199657440186,0.14610969761565695,0.853890302384343,0.8274079985005925,0.17259200149940748,0.9031217691988814,0.09687823080111854,0.8611873485756368,0.13881265142436316,0.3262695074081421,0.6737304925918579,0.1494869006220414,0.8505130993779586,0.9372509531391798,0.06274904686082021,0.9751055060961097,0.024894493903890327,0.960162344953976,0.03983765504602396,0.33336639404296875,0.6666336059570312,0.17854439843378755,0.8214556015662124,,
487,0.2577162138495,ensemble,qwen3-embedding-4b,,,qwen/qwen3-8b,0.33999999999999997,7.0,0.6856038176037457,0.31439618239625433,0.8913383239724963,0.10866167602750368,0.7960502319488328,0.20394976805116719,0.2878425121307373,0.7121574878692627,0.29653167724609375,0.7034683227539062,0.2773559093475342,0.7226440906524658,0.21473644486269317,0.7852635551373068,0.8067397415368412,0.19326025846315878,0.8912652023475385,0.10873479765246154,0.8461773373923761,0.15382266260762387,0.3192092776298523,0.6807907223701477,0.20462301211377043,0.7953769878862296,0.9279543737941037,0.07204562620589627,0.971071183616777,0.028928816383222977,0.9527466730248924,0.04725332697510762,0.318397581577301,0.681602418422699,,,,
460,0.2261391783851,ensemble,qwen3-embedding-0.6b,,,qwen/qwen3-32b,0.29000000000000004,6.0,,,,,,,,,,,,,,,,,,,,,,,,,,,,,,,,,,,,
499,0.2586864469,base,granite-embedding-278m,,,google/gemma-3-12b-it,0.52,3.0,0.6464823241745425,0.35351767582545746,0.8463716246911791,0.1536283753088209,0.7458563613775891,0.25414363862241085,0.2760375142097473,0.7239624857902527,0.271340548992157,0.728659451007843,0.2787817716598511,0.7212182283401489,0.1360842018100551,0.8639157981899449,0.7981526451969506,0.2018473548030494,0.8969213509247952,0.10307864907520482,0.8417254056313048,0.1582745943686952,0.31322282552719116,0.6867771744728088,0.1461706320381776,0.8538293679618224,0.8803454108202766,0.11965458917972333,0.9279679403947837,0.07203205960521633,0.9085925312458601,0.09140746875413983,0.3078134059906006,0.6921865940093994,0.15005281489133582,0.8499471851086642,,
459,0.3823981237388,base,qwen3-embedding-4b,,,google/gemma-3-12b-it,0.4,4.0,0.6236470776749685,0.3763529223250315,0.8204432077412404,0.17955679225875962,0.7271651550433367,0.27283484495666327,0.26844078302383423,0.7315592169761658,0.2651368975639343,0.7348631024360657,0.2693942189216614,0.7306057810783386,0.22648921402190092,0.7735107859780991,0.8044770023220367,0.1955229976779633,0.8999502821309221,0.10004971786907788,0.8462904982739866,0.15370950172601341,0.31422942876815796,0.685770571231842,0.2489086054759333,0.7510913945240667,0.8760921697547953,0.12390783024520471,0.9234693890927717,0.07653061090722836,0.9038965458637376,0.0961034541362624,0.2988327145576477,0.7011672854423523,,,,
496,0.1054850676005,base,granite-embedding-278m,,,google/gemma-3-12b-it,0.78,3.0,0.7176477756213864,0.2823522243786137,0.8777631030597834,0.12223689694021653,0.7953759343507949,0.20462406564920504,0.291523814201355,0.708476185798645,0.26227158308029175,0.7377284169197083,0.3143741488456726,0.6856258511543274,0.18180132632444512,0.8181986736755549,0.7269936414888282,0.27300635851117183,0.8212118375081272,0.17878816249187277,0.756277786856302,0.243722213143698,0.2808743119239807,0.7191256880760193,0.19064375160963076,0.8093562483903692,0.9148001096167357,0.0851998903832642,0.9529129176916032,0.04708708230839673,0.9340839776386491,0.06591602236135091,0.3495962619781494,0.6504037380218506,0.24578345776589305,0.754216542234107,,
441,0.315721807666,base,nomic-embed-text-v2-moe,,,google/gemma-3-27b-it,0.29000000000000004,18.0,0.6457834873347793,0.3542165126652207,0.844092841444503,0.15590715855549703,0.7542015946961164,0.2457984053038836,0.2771124839782715,0.7228875160217285,0.27541059255599976,0.7245894074440002,0.2764219045639038,0.7235780954360962,0.261005294070461,0.738994705929539,0.8264818629385653,0.1735181370614347,0.9252937255833441,0.07470627441665594,0.8673791867876555,0.1326208132123446,0.32504087686538696,0.674959123134613,0.3078051582972694,0.6921948417027306,0.9741128770830308,0.025887122916969173,0.9844046778806028,0.015595322119397226,0.9793861018345198,0.0206138981654802,0.30147814750671387,0.6985218524932861,0.28070628742780723,0.7192937125721928,,
448,0.3869013628297,base,qwen3-embedding-0.6b,,,google/gemma-3-12b-it,0.4,4.0,0.6353819245405712,0.36461807545942887,0.8363633039493332,0.16363669605066677,0.7407182020740363,0.25928179792596373,0.2760138511657715,0.7239861488342285,0.2726300358772278,0.7273699641227722,0.27753186225891113,0.7224681377410889,0.2503075865761324,0.7496924134238676,0.8023150159605081,0.19768498403949183,0.8974721011600952,0.10252789883990478,0.8454187260467572,0.15458127395324286,0.31459611654281616,0.6854038834571838,0.28042237231642675,0.7195776276835733,0.8707909484285997,0.1292090515714003,0.922595118571667,0.07740488142833298,0.9014709088806571,0.09852909111934297,0.29976141452789307,0.7002385854721069,0.22832803279307934,0.7716719672069207,,
452,0.4651735177511,base,qwen3-embedding-0.6b,,,google/gemma-3-4b-it,0.38,4.0,0.6792908625277141,0.32070913747228585,0.8636265748567,0.13637342514330003,0.7787832549072178,0.2212167450927822,0.2885586619377136,0.7114413380622864,0.2805328369140625,0.7194671630859375,0.29236024618148804,0.707639753818512,0.28420573117787495,0.715794268822125,0.8238628522188006,0.17613714778119935,0.9121042422135425,0.08789575778645753,0.8631510923867745,0.13684890761322557,0.3237588405609131,0.6762411594390869,0.30178031257504845,0.6982196874249516,0.8793104414944317,0.12068955850556831,0.9308230204073809,0.06917697959261909,0.9107122236297965,0.08928777637020349,0.31169891357421875,0.6883010864257812,0.25439280141212006,0.7456071985878799,,
450,0.3257996963015,base,qwen3-embedding-0.6b,,,qwen/qwen3-8b,0.74,4.0,0.7922841224157356,0.20771587758426432,0.9288438208826562,0.07115617911734382,0.8573773351627914,0.1426226648372086,0.32941585779190063,0.6705841422080994,0.2921736240386963,0.7078263759613037,0.3539144992828369,0.6460855007171631,0.42123575864002716,0.5787642413599728,0.8446458603711622,0.15535413962883787,0.9076137572494697,0.09238624275053028,0.8691443530529367,0.1308556469470633,0.32576125860214233,0.6742387413978577,0.41633709863337354,0.5836629013666265,0.9274195972625905,0.07258040273740948,0.9754527395967859,0.024547260403214036,0.9540504667276926,0.04594953327230747,0.3797276020050049,0.6202723979949951,0.4886941430402296,0.5113058569597704,,
456,0.3346990249899,base,qwen3-embedding-4b,,,google/gemma-3-27b-it,0.43000000000000005,3.0,0.6292199074501457,0.37078009254985433,0.8236993810262779,0.1763006189737221,0.7358200746626908,0.2641799253373091,0.27484095096588135,0.7251590490341187,0.26847392320632935,0.7315260767936707,0.2784886360168457,0.7215113639831543,0.24203139407475582,0.7579686059252442,0.8245962299039575,0.1754037700960424,0.9195480421120508,0.08045195788794926,0.8647438063977412,0.1352561936022588,0.3212053179740906,0.6787946820259094,0.28053441388824907,0.7194655861117509,0.8416273408346482,0.1583726591653518,0.9061370621690263,0.09386293783097362,0.8816320482366583,0.11836795176334171,0.2937127947807312,0.7062872052192688,,,,
451,0.2746841316524,base,qwen3-embedding-0.6b,,,google/gemma-3-4b-it,0.43000000000000005,3.0,0.6551811877431968,0.34481881225680316,0.8471795025562505,0.15282049744374945,0.7574318313536913,0.2425681686463087,0.2819913625717163,0.7180086374282837,0.2775276303291321,0.7224723696708679,0.28337788581848145,0.7166221141815186,0.2705060852249006,0.7294939147750994,0.8243116923630243,0.1756883076369758,0.9137466514787862,0.0862533485212138,0.860391722376576,0.13960827762342404,0.3210071325302124,0.6789928674697876,0.29946402883164935,0.7005359711683506,0.8311579647195956,0.16884203528040442,0.9001441996093483,0.09985580039065167,0.8770198685854551,0.12298013141454485,0.30316847562789917,0.6968315243721008,0.25077445140636745,0.7492255485936326,,
457,0.3110021693706,base,qwen3-embedding-0.6b,,,qwen/qwen3-32b,0.39,4.0,0.7133089177069296,0.28669108229307033,0.8936454263521927,0.10635457364780737,0.8081603293027643,0.19183967069723576,0.30143195390701294,0.6985680460929871,0.29617923498153687,0.7038207650184631,0.301450252532959,0.698549747467041,0.28209975768496653,0.7179002423150335,0.8376620971191214,0.1623379028808786,0.9164035724439419,0.08359642755605813,0.8710754580425866,0.12892454195741337,0.33357805013656616,0.6664219498634338,0.2986170106997704,0.7013829893002296,0.8820359652181482,0.1179640347818518,0.9542743928946266,0.045725607105373406,0.9269890465480274,0.0730109534519726,0.3291172981262207,0.6708827018737793,0.27558300461566376,0.7244169953843362,,
468,0.3431029738042,base,qwen3-embedding-0.6b,,,qwen/qwen3-8b,0.37,5.0,0.6899657839327569,0.3100342160672432,0.893225404560341,0.10677459543965899,0.8001778873031037,0.19982211269689634,0.2922518849372864,0.7077481150627136,0.2990434169769287,0.7009565830230713,0.28319233655929565,0.7168076634407043,0.24253066025994696,0.757469339740053,0.8113185649402387,0.1886814350597613,0.8934542366627922,0.10654576333720778,0.8492517499363506,0.1507482500636494,0.32222169637680054,0.6777783036231995,0.2391505363302041,0.7608494636697959,0.8945185854646495,0.10548141453535054,0.960482920566144,0.03951707943385602,0.9343929599679928,0.06560704003200722,0.31726616621017456,0.6827338337898254,0.24885508669690493,0.7511449133030951,,
178,0.2626020338245,mmr,qwen3-embedding-0.6b,46,0.7487952343281,google/gemma-3-12b-it,0.33999999999999997,11.0,0.642885646884012,0.35711435311598805,0.8381079309708429,0.1618920690291571,0.7476501420757251,0.2523498579242749,0.2745429277420044,0.7254570722579956,0.2636421322822571,0.7363578677177429,0.28365057706832886,0.7163494229316711,0.2562459337992311,0.7437540662007689,0.7992861478622999,0.2007138521377001,0.9088961597213026,0.09110384027869739,0.8440192685904764,0.1559807314095236,0.31413590908050537,0.6858640909194946,0.2884412150008522,0.7115587849991478,0.8804446419530544,0.11955535804694557,0.9197181788498969,0.0802818211501031,0.9063486887200775,0.09365131127992253,0.299385666847229,0.700614333152771,0.23793010800312908,0.7620698919968709,,
295,0.2077117571208,mmr,qwen3-embedding-0.6b,36,0.1102249323584,google/gemma-3-12b-it,0.22999999999999998,18.0,0.6287978226084397,0.37120217739156025,0.8326597653987345,0.16734023460126543,0.7383962692348474,0.26160373076515264,0.2705646753311157,0.7294353246688843,0.26742273569107056,0.7325772643089294,0.27159398794174194,0.7284060120582581,0.2452341948661244,0.7547658051338756,0.8128457881949261,0.18715421180507386,0.9135833105490347,0.0864166894509653,0.858722250337597,0.14127774966240306,0.319242000579834,0.680757999420166,0.2697429754617865,0.7302570245382135,0.9504527900478323,0.049547209952167624,0.9694156288736225,0.030584371126377515,0.9624436845387611,0.03755631546123891,0.2956424951553345,0.7043575048446655,,,,
220,0.2615052906463,mmr,qwen3-embedding-0.6b,47,0.6118933818385,google/gemma-3-12b-it,0.38,9.0,0.6597936282823873,0.3402063717176127,0.8478384081209984,0.15216159187900163,0.7607171720462476,0.23928282795375247,0.2798351049423218,0.7201648950576782,0.27292221784591675,0.7270777821540833,0.28466880321502686,0.7153311967849731,0.25473581746398066,0.7452641825360193,0.7924166489093877,0.20758335109061232,0.8998789569757278,0.10012104302427213,0.8373061995712021,0.1626938004287979,0.31122487783432007,0.6887751221656799,0.2717994594888121,0.7282005405111879,0.8776417924568221,0.122358207543178,0.9203743147777775,0.07962568522222244,0.9041073887468631,0.09589261125313683,0.29490548372268677,0.7050945162773132,0.22251001214697508,0.7774899878530249,,
266,0.2663818341206,mmr,qwen3-embedding-0.6b,46,0.6151376404871,google/gemma-3-12b-it,0.28,15.0,0.654755104986634,0.345244895013366,0.8547249085867363,0.14527509141326364,0.7587797458754901,0.24122025412450993,0.2746037244796753,0.7253962755203247,0.2702034115791321,0.7297965884208679,0.2770231366157532,0.7229768633842468,0.252517728376241,0.747482271623759,0.8030078202370776,0.19699217976292235,0.9143632862205846,0.08563671377941538,0.8516247348785105,0.14837526512148946,0.3160473108291626,0.6839526891708374,0.27860675078144215,0.7213932492185579,0.9344559474150211,0.0655440525849789,0.9597309126829249,0.04026908731707511,0.9504370498823456,0.04956295011765441,0.3074185252189636,0.6925814747810364,,,,
192,0.4756286872071,mmr,qwen3-embedding-0.6b,47,0.5013349115868,google/gemma-3-12b-it,0.26,13.0,0.634822300807419,0.3651776991925811,0.8333044100811713,0.1666955899188287,0.7404599307378735,0.25954006926212647,0.27138757705688477,0.7286124229431152,0.26692408323287964,0.7330759167671204,0.27383655309677124,0.7261634469032288,0.23465410133680586,0.7653458986631941,0.7917170203932908,0.20828297960670916,0.8931512750203474,0.10684872497965255,0.8398715466166954,0.16012845338330464,0.31020021438598633,0.6897997856140137,0.25703807463803596,0.742961925361964,0.9009779774466126,0.09902202255338746,0.9354634207007104,0.06453657929928952,0.9259238067034894,0.07407619329651056,0.3009117841720581,0.6990882158279419,0.2131526295668137,0.7868473704331863,,
413,0.4683300344836,bm25_only,granite-embedding-278m,,,google/gemma-3-4b-it,0.43000000000000005,6.0,0.6950352272932154,0.3049647727067846,0.8823449794413982,0.11765502055860176,0.7911210427259321,0.2088789572740679,0.2970924973487854,0.7029075026512146,0.2867628335952759,0.7132371664047241,0.30194705724716187,0.6980529427528381,0.17438652844445945,0.8256134715555405,0.8270636990283111,0.17293630097168894,0.9144686466354476,0.08553135336455238,0.8636092428159288,0.13639075718407123,0.321216344833374,0.678783655166626,0.18113594378431985,0.8188640562156801,0.9349319824985473,0.0650680175014527,0.9676141620164879,0.03238583798351214,0.9535202857906344,0.04647971420936555,0.3364882469177246,0.6635117530822754,0.23073051292340463,0.7692694870765954,,
173,0.4750910405254,mmr,qwen3-embedding-0.6b,46,0.7430036397071,google/gemma-3-12b-it,0.25,16.0,0.643121999314579,0.35687800068542097,0.8361449986051022,0.16385500139489784,0.7437808447283984,0.25621915527160155,0.27271896600723267,0.7272810339927673,0.2677770256996155,0.7322229743003845,0.27558284997940063,0.7244171500205994,0.24331274167090744,0.7566872583290926,0.8000674067850467,0.19993259321495327,0.9049197330237905,0.09508026697620954,0.839050125339116,0.16094987466088398,0.31358063220977783,0.6864193677902222,0.260405801831491,0.739594198168509,0.9142937917560524,0.0857062082439476,0.9440727132502075,0.05592728674979255,0.9352472682827601,0.06475273171723998,0.2988826036453247,0.7011173963546753,,,,
169,0.4768366295698,mmr,qwen3-embedding-0.6b,46,0.6143285918421,google/gemma-3-12b-it,0.29000000000000004,14.0,0.6542814949722319,0.34571850502776813,0.850041349407243,0.149958650592757,0.7584322155414023,0.24156778445859778,0.2780756950378418,0.7219243049621582,0.27138274908065796,0.728617250919342,0.2825866937637329,0.7174133062362671,0.24889052732350636,0.7511094726764936,0.7966093012292197,0.20339069877078028,0.9079032694206222,0.09209673057937778,0.8437546315752186,0.15624536842478143,0.3127287030220032,0.6872712969779968,0.2717587033721617,0.7282412966278383,0.9032628742649395,0.09673712573506053,0.938437547308066,0.06156245269193411,0.9262888417665944,0.07371115823340556,0.3057823181152344,0.6942176818847656,0.22932070790146197,0.770679292098538,,
469,0.2623125927713,base,qwen3-embedding-0.6b,,,qwen/qwen3-8b,0.31999999999999995,5.0,0.6933002059752722,0.30669979402472775,0.8896142765738053,0.11038572342619464,0.7983734992601971,0.20162650073980293,0.29176509380340576,0.7082349061965942,0.297396719455719,0.702603280544281,0.28393667936325073,0.7160633206367493,0.2402484823998393,0.7597515176001607,0.8150224790968402,0.18497752090315978,0.8947678502584693,0.10523214974153074,0.8495921353107582,0.1504078646892418,0.3221732974052429,0.6778267025947571,0.245224636792997,0.754775363207003,0.8882549209937206,0.1117450790062794,0.957020312840176,0.04297968715982405,0.9310336286232597,0.06896637137674039,0.3174130320549011,0.6825869679450989,0.25674400099882444,0.7432559990011756,,
446,0.2656221979589,base,granite-embedding-278m,,,qwen/qwen3-32b,0.76,5.0,0.8598613710018791,0.1401386289981209,0.9479527612367133,0.0520472387632867,0.9005107039970985,0.09948929600290148,0.36789393424987793,0.6321060657501221,0.29587072134017944,0.7041292786598206,0.41691768169403076,0.5830823183059692,0.3854977894593212,0.6145022105406788,0.9252656648497068,0.0747343351502931,0.958091816141658,0.041908183858342,0.9373403065628175,0.06265969343718246,0.35592299699783325,0.6440770030021667,0.4041047025333331,0.5958952974666669,0.9655498593601607,0.03445014063983933,0.9870626953350546,0.01293730466494538,0.9783234911439926,0.02167650885600739,0.4298361539840698,0.5701638460159302,0.3973824928369468,0.6026175071630532,,
103,0.3134142669027,base,granite-embedding-278m,,,qwen/qwen3-32b,0.78,8.0,0.8846750466042361,0.1153249533957639,0.9689866439366001,0.03101335606339997,0.9229418240408224,0.07705817595917765,0.37461650371551514,0.6253834962844849,0.2998456358909607,0.7001543641090393,0.4259316921234131,0.5740683078765869,0.39425430267497996,0.60574569732502,0.9350126403757257,0.06498735962427431,0.9667814687502939,0.033218531249706126,0.9472006757716234,0.052799324228376604,0.3573780655860901,0.6426219344139099,0.4100584246986865,0.5899415753013135,0.9344881799059157,0.0655118200940843,0.977666884586524,0.02233311541347605,0.9607812616585032,0.039218738341496806,0.4266985058784485,0.5733014941215515,0.3909969580387094,0.6090030419612906,,
460,0.2718683917333,bm25_only,qwen3-embedding-0.6b,,,qwen/qwen3-32b,0.5,5.0,0.7826839061754918,0.21731609382450817,0.9256949418019665,0.0743050581980335,0.8590629732743377,0.1409370267256623,0.3340144157409668,0.6659855842590332,0.30228954553604126,0.6977104544639587,0.35238802433013916,0.6476119756698608,0.4139666393850422,0.5860333606149578,0.8786489074562103,0.12135109254378967,0.9388253927646297,0.061174607235370215,0.9021779198846827,0.09782208011531739,0.3440154790878296,0.6559845209121704,0.42471327415612026,0.5752867258438797,0.9349842220881671,0.06501577791183293,0.9747264347984508,0.0252735652015492,0.958531278777721,0.041468721222279,0.3731071949005127,0.6268928050994873,0.4391552559078109,0.5608447440921891,,
378,0.2337196188116,bm25_only,qwen3-embedding-4b,,,google/gemma-3-12b-it,0.32999999999999996,16.0,0.6500192686489439,0.3499807313510562,0.8479605821266368,0.1520394178733632,0.7533803179830002,0.24661968201699982,0.275259792804718,0.724740207195282,0.2650994062423706,0.7349005937576294,0.2821391224861145,0.7178608775138855,0.24136762471142892,0.7586323752885711,0.7854732012593639,0.2145267987406361,0.8883235820835204,0.11167641791647964,0.8323758578793364,0.16762414212066357,0.30832016468048096,0.691679835319519,0.2572449266159811,0.7427550733840189,0.9670113847132922,0.03298861528670785,0.9801343937463813,0.01986560625361869,0.9743229205852502,0.025677079414749792,0.33053189516067505,0.669468104839325,,,,
446,0.1566128247418,ensemble,qwen3-embedding-0.6b,,,google/gemma-3-12b-it,0.37,4.0,0.6218245329815701,0.37817546701842986,0.8226520298841706,0.17734797011582934,0.7188374391292176,0.2811625608707824,0.26710665225982666,0.7328933477401733,0.26200151443481445,0.7379984855651855,0.2701913118362427,0.7298086881637573,0.23890534972195387,0.7610946502780461,0.8034125485692927,0.19658745143070736,0.9063937593800847,0.09360624061991532,0.8486754319643789,0.15132456803562108,0.31483137607574463,0.6851686239242554,0.2828989245515029,0.7171010754484971,0.8775899556624187,0.12241004433758128,0.922965246355808,0.07703475364419198,0.9069507010089106,0.09304929899108942,0.3024892210960388,0.6975107789039612,0.2633663951612242,0.7366336048387758,,
445,0.2718401275313,bm25_only,qwen3-embedding-4b,,,google/gemma-3-4b-it,0.43999999999999995,7.0,0.7042269516801718,0.29577304831982826,0.8840867786966741,0.11591322130332592,0.7957023802024158,0.20429761979758423,,,,,,,0.3084284256584686,0.6915715743415314,0.8196613071175034,0.18033869288249663,0.9122600457716573,0.08773995422834271,0.8630157158395884,0.1369842841604116,,,0.31986237128595807,0.6801376287140419,0.9379058810259834,0.06209411897401665,0.9675313784667938,0.03246862153320618,0.9550862216781258,0.04491377832187416,,,,,,
464,0.2704433692024,ensemble,qwen3-embedding-0.6b,,,qwen/qwen3-32b,0.39,4.0,0.7147452496918186,0.28525475030818137,0.9069723393891745,0.0930276606108255,0.819539362382101,0.18046063761789904,0.30294251441955566,0.6970574855804443,0.30470675230026245,0.6952932476997375,0.2958056330680847,0.7041943669319153,0.2885655565639653,0.7114344434360347,0.8547601813304815,0.14523981866951854,0.9290707563118684,0.07092924368813158,0.8881427008863945,0.11185729911360552,0.3374674916267395,0.6625325083732605,0.3193779452288409,0.6806220547711591,0.8786083131363343,0.1213916868636658,0.9546184794538292,0.045381520546170846,0.9272987603703682,0.07270123962963178,0.33143842220306396,0.668561577796936,0.3097127492028412,0.6902872507971588,,
222,0.2335375253409,bm25_only,qwen3-embedding-4b,,,google/gemma-3-4b-it,0.39,17.0,0.6915513030033174,0.3084486969966827,0.8883070821889923,0.1116929178110077,0.7943338817272361,0.20566611827276388,0.29322707653045654,0.7067729234695435,0.28324490785598755,0.7167550921440125,0.29924291372299194,0.7007570862770081,0.25987098414058163,0.7401290158594184,0.8108112614696428,0.1891887385303572,0.9105612475041579,0.0894387524958421,0.8572347225679694,0.14276527743203057,0.3183433413505554,0.6816566586494446,0.280189970285878,0.719810029714122,0.9470559762595936,0.05294402374040637,0.972812434087247,0.027187565912752964,0.961564889500002,0.038435110499998044,0.3291197419166565,0.6708802580833435,,,,
153,0.4009370003639,bm25_only,granite-embedding-278m,,,qwen/qwen3-14b,0.4,16.0,0.7373374329968445,0.26266256700315543,0.8966323663414849,0.10336763365851505,0.8123853933075443,0.18761460669245564,0.3073655962944031,0.6926344037055969,0.2785836458206177,0.7214163541793823,0.3273235559463501,0.6726764440536499,0.20517805007938938,0.7948219499206106,0.8115764707340942,0.18842352926590583,0.896153263331395,0.10384673666860499,0.8461379055199576,0.1538620944800424,0.3203561305999756,0.6796438694000244,0.2146371290707375,0.7853628709292625,0.9539215992578379,0.04607840074216212,0.9802823699205004,0.0197176300794996,0.9670884367804248,0.03291156321957527,0.3611261248588562,0.6388738751411438,0.2573190252205194,0.7426809747794806,,
407,0.2860229925761,base,granite-embedding-107m,,,qwen/qwen3-32b,0.72,13.0,,,,,,,,,,,,,,,,,,,,,,,,,,,,,,,,,,,,
252,0.1774395603821,mmr,qwen3-embedding-4b,57,0.8039763864822,google/gemma-3-4b-it,1.0,1.0,,,,,,,,,,,,,,,,,,,,,,,,,,,,,,,,,,,failed,AssertionError: Query vector must not contain NaN
491,0.4535921730132,base,qwen3-embedding-0.6b,,,qwen/qwen3-8b,0.27,20.0,0.6982049260719436,0.30179507392805643,0.895750525435977,0.10424947456402306,0.8048846529713647,0.1951153470286353,0.2938659191131592,0.7061340808868408,0.3034203052520752,0.6965796947479248,0.2820168733596802,0.7179831266403198,0.2475971884030187,0.7524028115969813,0.8274681585994322,0.17253184140056776,0.8980730560732103,0.10192694392678973,0.8593393139597911,0.14066068604020887,0.3285803198814392,0.6714196801185608,0.2383722353236617,0.7616277646763383,0.9689896908242213,0.031010309175778725,0.9866073420485499,0.013392657951450055,0.9780010036728296,0.021998996327170398,0.3198280334472656,0.6801719665527344,,,,
